[
    {
        "id": "67c57a886836a8b84e1858bc25da8",
        "title": "Sortie découverte des plantes",
        "startDate": "2025-03-04T11:45",
        "endDate": "2025-03-05T12:45",
        "description": "Venez découvrir les plantes à la forêt de Pignan.",
        "location": "Champ de la Croix, Saint-Paul-et-Valmalle, Lodève, Hérault, Occitanie, France métropolitaine, 34570, France",
        "lat": 43.607036297815455,
        "lng": 3.659777641296387,
        "isPaid": false,
        "price": 0,
        "isLimited": true,
        "places": 8,
        "isChildrenOnly": false,
        "createdBy": "67c57a48d6ecc757fce0664ea1761",
        "createdAt": "2025-03-03 09:46:48",
        "categoryId": 1
    },
    {
        "id": "67c57c579c66d576722ac52e98962",
        "title": "Observation au microscope",
        "startDate": "2025-03-22T12:00",
        "endDate": null,
        "description": "Observation au microscope des insectes !",
        "location": "Avenue Camille Desmoulins, Saint-Just, Montpellier, Hérault, Occitanie, France métropolitaine, 34400, France",
        "lat": 43.654042298897295,
        "lng": 4.1227054595947275,
        "isPaid": false,
        "price": 0,
        "isLimited": false,
        "places": null,
        "isChildrenOnly": true,
        "createdBy": "67c57a48d6ecc757fce0664ea1761",
        "createdAt": "2025-03-03 09:54:31",
        "categoryId": 2
    },
    {
        "id": "67c57d44a634723b46c80b5ccec21",
        "title": "Goûter à la maison",
        "startDate": "2025-03-03T11:57",
        "endDate": null,
        "description": "Goûter à la maison, chez Elia, Mary et Quentin !!!",
        "location": "Impasse Le Carré des Arts, Le Labournas, Juvignac, Montpellier, Hérault, Occitanie, France métropolitaine, 34990, France",
        "lat": 43.61313710618363,
        "lng": 3.798864326723733,
        "isPaid": false,
        "price": 0,
        "isLimited": true,
        "places": 6,
        "isChildrenOnly": false,
        "createdBy": "67c57a48d6ecc757fce0664ea1761",
        "createdAt": "2025-03-03 09:58:28",
        "categoryId": 10
    },
    {
        "id": "67c57d7dcc9f0273370a60ca7f994",
        "title": "Quizz de la semaine",
        "startDate": "2025-03-03T11:58",
        "endDate": null,
        "description": "Quizz de la semaine pour les 8-10 ans.",
        "location": "Rue des Aravis, La Plaine, Juvignac, Montpellier, Hérault, Occitanie, France métropolitaine, 34990, France",
        "lat": 43.6113020858839,
        "lng": 3.809423446655274,
        "isPaid": false,
        "price": 0,
        "isLimited": false,
        "places": null,
        "isChildrenOnly": true,
        "createdBy": "67c57a48d6ecc757fce0664ea1761",
        "createdAt": "2025-03-03 09:59:25",
        "categoryId": 7
    },
    {
        "id": "67c583d83528654d9abae934d5101",
        "title": "Chasse au trésor",
        "startDate": "2025-04-10T14:00",
        "endDate": "2025-04-10T16:30",
        "description": "Venez nombreux à la chasse au trésor, des cadeaux à gagner !!!",
        "location": "Rue Ernest Renan, Quartier Necker, Paris 15e Arrondissement, Paris, France métropolitaine, 75015, France",
        "lat": 48.8434114192398,
        "lng": 2.3098578645482255,
        "isPaid": true,
        "price": 1,
        "isLimited": true,
        "places": 12,
        "isChildrenOnly": true,
        "createdBy": "67c5836d27f5ceb4b233c05cf0f25",
        "createdAt": "2025-03-03 10:26:32",
        "categoryId": 9
    },
    {
        "id": "67c58d80c05e4c9b8343ac122118b",
        "title": "Atelier poterie",
        "startDate": "2025-03-05T15:00",
        "endDate": "2025-03-05T17:00",
        "description": "Atelier d'argile au parc saint Hubert à Juvignac !",
        "location": "Saint-Hubert, Juvignac, Montpellier, Hérault, Occitanie, France métropolitaine, 34990, France",
        "lat": 43.6201766,
        "lng": 3.8014772,
        "isPaid": true,
        "price": 2,
        "isLimited": true,
        "places": 8,
        "isChildrenOnly": true,
        "createdBy": "67c57a48d6ecc757fce0664ea1761",
        "createdAt": "2025-03-03 11:07:44",
        "categoryId": 4
    },
    {
        "id": "67c58e22524bac688203c8ad88b9a",
        "title": "Visite du château de Pignan",
        "startDate": "2025-03-20T13:09",
        "endDate": null,
        "description": "Visite du château de Pignan",
        "location": "Parc du château, Avenue de l'Europe, Pignan, Montpellier, Hérault, Occitanie, France métropolitaine, 34570, France",
        "lat": 43.581960699999996,
        "lng": 3.760748364527995,
        "isPaid": false,
        "price": 0,
        "isLimited": false,
        "places": null,
        "isChildrenOnly": false,
        "createdBy": "67c57a48d6ecc757fce0664ea1761",
        "createdAt": "2025-03-03 11:10:26",
        "categoryId": 3
    },
    {
        "id": "67c58e67568ed17f317f13fbabd7f",
        "title": "TEST",
        "startDate": "2025-03-03T13:10",
        "endDate": null,
        "description": "TEST",
        "location": "Manosque",
        "lat": 43.581960699999996,
        "lng": 3.760748364527995,
        "isPaid": false,
        "price": 0,
        "isLimited": true,
        "places": 2,
        "isChildrenOnly": false,
        "createdBy": "67c57a48d6ecc757fce0664ea1761",
        "createdAt": "2025-03-03 11:11:35",
        "categoryId": 8
    },
    {
        "id": "67c58e95963a230430b042c627077",
        "title": "TESTTEST",
        "startDate": "2025-03-03T13:12",
        "endDate": null,
        "description": "TESTTEST",
        "location": "Marseille, Bouches-du-Rhône, Provence-Alpes-Côte d'Azur, France métropolitaine, France",
        "lat": 43.2961743,
        "lng": 5.3699525,
        "isPaid": false,
        "price": 0,
        "isLimited": true,
        "places": 2,
        "isChildrenOnly": true,
        "createdBy": "67c57a48d6ecc757fce0664ea1761",
        "createdAt": "2025-03-03 11:12:21",
        "categoryId": 5
    }
]